imu_ax, imu_ay, kf_ax, kf_ay, kf_vx, kf_w, kf_x, kf_y, stamp, 
-0.062781139226282, -0.02349905364814148, -0.05751313355893282, 1.4002252404755366e-10, -0.0018065258709516524, -7.750928248472399e-08, 0.011057280013101096, -9.021830968661017e-07, 480802000000, 
-0.05099295957965102, 0.020629320133029237, -0.05228558115464151, 4.2563054215845905e-08, -0.0014298456061816343, -2.9767587515626557e-05, 0.011345849365270978, -8.979318377750449e-07, 480867000000, 
-0.0380306154694807, -0.01826204761435166, -0.04092177751818373, -3.398659939208914e-08, -0.0023606578413804587, 1.4397088301545029e-05, 0.011543638542266518, -8.963053292232849e-07, 480977000000, 
-0.051027658913752084, 0.016712397455523054, -0.04876843746376893, -2.9429359961963986e-07, 0.025086141048954565, -1.1731322049307547e-05, 0.01241402402924412, -8.890305360443846e-07, 481067000000, 
-0.05605383571823798, 0.0665932673068535, -0.054258949029773365, 0.03921871272954709, 0.0803215371478072, 0.4882714415359988, 0.01660993048972776, 7.594792591616677e-06, 481167000000, 
-0.058824863677675546, 0.049426652863433146, -0.05778065074035407, 0.046547517970113333, 0.09491781392592373, 0.4903981249129926, 0.02516787601965849, 0.00012427089966274377, 481267000000, 
-0.02807349303950866, 0.06005092002467441, -0.034219965980152894, 0.04861849209355832, 0.10123166600663551, 0.4802696034892035, 0.034911830494631, 0.0007319668933284274, 481367000000, 
-0.05267295847970144, 0.03065408273088155, -0.04884287857900378, 0.045384167286409455, 0.09288570966043717, 0.48860225595864654, 0.04487111651267701, 0.0018478723168508012, 481467000000, 
-0.16819577351780574, 0.021508265470049748, -0.14327771788012422, 0.043448524797122794, 0.0875010458286768, 0.4965486341979626, 0.054033181706053236, 0.0033232020071902904, 481567000000, 
-0.10380666268731177, 0.024662756956315215, -0.11198518030003685, 0.04316264526874523, 0.08647062529917474, 0.4991596292892445, 0.0629103471095754, 0.005199320024071806, 481667000000, 
-0.0877208758654409, 0.026821449045577938, -0.09273023242045286, 0.0436334001619303, 0.08744903978327123, 0.4989580248115801, 0.07151419952890531, 0.007471780051183203, 481767000000, 
-0.06156017916626785, 0.054948192027143176, -0.06798173512593057, 0.04837936647599693, 0.09675060107881235, 0.5000420249233123, 0.08019618622214005, 0.010233236169472021, 481867000000, 
-0.06176278067818745, 0.0588223214351098, -0.06301288795573264, 0.05009449159005412, 0.10006970839898416, 0.5005959584725106, 0.08958607944223279, 0.013745394918592724, 481967000000, 
-0.025254942005167966, 0.034873092354776536, -0.0331414225647147, 0.046538811643873905, 0.09323952411548243, 0.4991318015119098, 0.0986256014674334, 0.017662092226607033, 482067000000, 
-0.0440180290311616, 0.05351088247520318, -0.04170651294294615, 0.04928796550882261, 0.09859205736710261, 0.49991821679206194, 0.10715370709195002, 0.021865938361446128, 482167000000, 
0.001966969934972699, 0.09161172491765915, -0.00706871605380531, 0.056359461692439244, 0.11213345689088497, 0.5026105789932225, 0.11610617225953335, 0.02684694846015141, 482267000000, 
0.028523047228996956, 0.16635056520754535, 0.021224795461722443, 0.06961901543321514, 0.13975894191952018, 0.49813639454500924, 0.12618753722541937, 0.03313421130984242, 482367000000, 
-0.11851619897867084, -0.0667605005706038, -0.08967205644963765, 0.03173702581120214, 0.07067175801655115, 0.44907650102279056, 0.1363909394420846, 0.04025713472378481, 482467000000, 
-0.0527949050052656, 0.060037445855167564, -0.06032807682163306, 0.041491267638667166, 0.09746672647349211, 0.4256967391836176, 0.1426283644605237, 0.0450543548248862, 482567000000, 
-0.05114274454487218, 0.07007444627607554, -0.052989209354041424, 0.04191834751872126, 0.10687436215643337, 0.39222079713902613, 0.1503669909735289, 0.05157993399663134, 482667000000, 
-0.03549830129311724, 0.0621148353450179, -0.03912458807223657, 0.03811511693393853, 0.1072518417020682, 0.35537960308241057, 0.15838646644722387, 0.05893921409164447, 482767000000, 
-0.0707659471550813, 0.05663274366454689, -0.0641456591071359, 0.03428874114496659, 0.10646721257333196, 0.3220591609022295, 0.1660924511317973, 0.0665770363059025, 482867000000, 
-0.04170142321592368, 0.20691057276563032, -0.046196562772658475, 0.04219439230093915, 0.1413263039910154, 0.2985600777023193, 0.17410597039640263, 0.07508215177336161, 482967000000, 
-0.04938355605627324, 0.18210916870320903, -0.04869785883541316, 0.038227795997689405, 0.1413042374439149, 0.27053538300903684, 0.18346972173612222, 0.08568647858144698, 483067000000, 
-0.05068658549622097, 0.07662919005853652, -0.050357937852292575, 0.028335996352792985, 0.11775437955048167, 0.24063645412564255, 0.19222654137586115, 0.09620633541279051, 483167000000, 
-0.032066569303755885, 0.0677342652584616, -0.035895972819805756, 0.024906609320652362, 0.11055719662408507, 0.22528256939563548, 0.19949490607016274, 0.10541811755865281, 483267000000, 
-0.04868484517252321, 0.050526770408720355, -0.046018981361073685, 0.022641840471608544, 0.10606238414537995, 0.21347663126800281, 0.20612199381048912, 0.11423888814630509, 483367000000, 
-0.0471368337451255, 0.06403196257971644, -0.04687777282262633, 0.022079259846691974, 0.10710542087623384, 0.20614512007012012, 0.21238087797590238, 0.12296551912835323, 483467000000, 
-0.05185046793921566, 0.05321153212410262, -0.05079833217682532, 0.020836134918727475, 0.10549150172206928, 0.19751481947449104, 0.21847364550134063, 0.13185154376989622, 483562000000, 
-0.08356272659841583, 0.05400021430579118, -0.0767006515179543, 0.019774496586340864, 0.10504159309850358, 0.18825396686241397, 0.22434037043796076, 0.14079200629524413, 483667000000, 
-0.07987977254611127, 0.07320920239392911, -0.07917132083164016, 0.019194169091928347, 0.10719707900063821, 0.1790549637254022, 0.23005938976627086, 0.14988879859846715, 483767000000, 
-0.039210789840140994, 0.03287373737370193, -0.04754174711618951, 0.016727174830307223, 0.1020471139575931, 0.16391619695642154, 0.23563964006208202, 0.15914281620122048, 483862000000, 
-0.03356423124670299, 0.0964876198956818, -0.03642675136189825, 0.017050131635747142, 0.10958020382150656, 0.15559499837689506, 0.2409049347008029, 0.16823011565371743, 483962000000, 
-0.06771753680896762, -0.010313033411055399, -0.0612207799877104, 0.01406366442163707, 0.09795259737502203, 0.14357622767054173, 0.24615477273573538, 0.17764160895501763, 484062000000, 
-0.09851035541647209, 0.05333682516173694, -0.09067639736404035, 0.014098127656567826, 0.1023923827769779, 0.13768727003135703, 0.2509363952558579, 0.18652661386111574, 484162000000, 
-0.06364046607272134, 0.0016375475947304104, -0.06926709592582384, 0.012141073205710442, 0.0973689159375602, 0.12469146943667477, 0.25570305800644066, 0.19569449987162085, 484262000000, 
-0.04225144301774403, 0.021835287943455753, -0.04785349567428251, 0.011597377820611123, 0.09892881060101916, 0.1172295284877472, 0.26017542223595913, 0.20458592459912334, 484362000000, 
-0.07020933541987551, 0.005738253974349744, -0.06552372340174313, 0.010619029718712179, 0.09808666685834731, 0.10826170425433805, 0.2645584379426154, 0.21357337953498046, 484462000000, 
-0.07625307361280952, -0.02427665934741879, -0.07399623986431547, 0.009147455223803844, 0.09519214344473777, 0.09609464492323622, 0.2688051247795163, 0.2225407626054597, 484562000000, 
-0.04653042823028757, 0.05764570639654595, -0.052204766360765986, 0.009294284632357399, 0.10109476387609562, 0.09193636026242386, 0.2729201939861311, 0.2314717729378657, 484662000000, 
-0.050642891819899394, 0.03688460840649037, -0.050945082208842765, 0.008586736057063274, 0.10106822403034213, 0.0849597995754374, 0.27714897143945694, 0.2408842475544563, 484762000000, 
-0.06455803143558533, -0.027084983310376967, -0.06171254458242175, 0.0072446125846770335, 0.09669922007589576, 0.07491903842648365, 0.2812102910030033, 0.2501480366399336, 484862000000, 
-0.043450986427899185, 0.022143667333768456, -0.047225856651842965, 0.007252715146986168, 0.09886200357683489, 0.07336200850258316, 0.2851102497463162, 0.25924688629437453, 484962000000, 
-0.05838191871951536, 0.01981840861023902, -0.05602903093200444, 0.007027719617632849, 0.09938656859938032, 0.07071095940499819, 0.28896819387596595, 0.2684367539458067, 485062000000, 
-0.05767927569841492, 0.013553547976217075, -0.05731103445962063, 0.0065658564601392385, 0.09899508795883331, 0.06632507324878202, 0.292801836372936, 0.2777565178145387, 485162000000, 
-0.09107649577348349, 0.015863594454870462, -0.08400091659935255, 0.006181701152751258, 0.09888946505836714, 0.06251122047330984, 0.2965653196020079, 0.28708966561593957, 485262000000, 
-0.05216057472431861, 0.015418820972527853, -0.05877208155356083, 0.005916799540677239, 0.09851503571757583, 0.06005986291919535, 0.30027915212093, 0.29647628778758134, 485362000000, 
-0.04017500280979235, 0.044516936301795325, -0.04402317338563282, 0.0058882356882645, 0.10028664488155885, 0.058714056046232886, 0.3039164241232768, 0.30583867353552935, 485462000000, 
-0.07130909671380758, 0.02306876096329355, -0.06559418239172105, 0.005282642628243054, 0.09980338206391234, 0.052930497133455275, 0.30753313982619734, 0.31531480095640024, 485562000000, 
-0.04659637335655967, 0.00674433211789619, -0.05053840661059243, 0.0049537317555002, 0.09867035297414602, 0.05020486504997297, 0.31107986732715326, 0.3247701264541359, 485662000000, 
-0.0818880275267905, -0.008984006432704368, -0.07532270774252711, 0.004489258204021941, 0.09795601753702536, 0.04582932541459328, 0.31454248030525916, 0.33414925290186304, 485762000000, 
-0.05929267961147963, 0.01717663873724044, -0.06260310247388828, 0.004333307011007013, 0.09846553670641281, 0.044008362275293374, 0.31795886046908484, 0.3435451203885124, 485862000000, 
-0.05107408485814218, -0.006766489854325694, -0.05345503414393453, 0.003822076322826764, 0.09799091341902266, 0.039004395300236035, 0.32132788322314376, 0.35294281464441213, 485962000000, 
-0.05902910806465492, 0.01547161664275977, -0.057837419244063965, 0.0037355328138582626, 0.09875705098368186, 0.03782547956475031, 0.3246547140541521, 0.3623496292118329, 486062000000, 
-0.06241095452751736, 0.01916627067869403, -0.06142893265440363, 0.0035044520516259166, 0.09894343306604644, 0.03541874324581637, 0.327961628861006, 0.3718164869041247, 486162000000, 
-0.0727431716908627, 0.004210833653786413, -0.07035513237774127, 0.003069682583579197, 0.09844803300314922, 0.031180740639896808, 0.3312425321593534, 0.38132186061271145, 486262000000, 
-0.08952404698825488, -0.008199085805724149, -0.08549256975424911, 0.0026972980654666402, 0.09783764566206017, 0.027569122776966087, 0.33447667523423397, 0.3907971905685597, 486362000000, 
-0.08567814349893167, 0.025128840469726552, -0.08559883700704626, 0.0027739588425343656, 0.09821589718645041, 0.028243481167497326, 0.33768320440347804, 0.4002860844475936, 486462000000, 
-0.05408275356586018, -0.011504078427377697, -0.060626806228369315, 0.0023635016104047966, 0.09760836595863402, 0.024214129467206098, 0.34087143542468784, 0.40980700076004617, 486562000000, 
-0.026830309434487838, -0.010590048764780719, -0.03385719696724941, 0.002163326123076754, 0.098083263039324, 0.022056017061844922, 0.343987780999322, 0.4191986493525822, 486662000000, 
-0.049646295763126236, 0.02209300137272113, -0.04632936512296354, 0.0023493854211710853, 0.09915243558607134, 0.023694681903518672, 0.3470952040458925, 0.4286387262963856, 486762000000, 
-0.039783981940537755, -0.008499111531192757, -0.04113175182245412, 0.0020904111047248455, 0.0986529950777286, 0.0211895351284349, 0.3502138823354429, 0.4381844212691459, 486862000000, 
-0.036173953278633486, 0.006626223704149217, -0.03718922358564805, 0.0020172975603666506, 0.09893299748533824, 0.02039054321249704, 0.3532838934996264, 0.447655515868763, 486962000000, 
-0.0564700709689165, -0.0011257029643323528, -0.05242774614465757, 0.0018707127179994904, 0.09885812641846219, 0.01892320627320858, 0.3563513695062129, 0.45718662226184437, 487062000000, 
-0.05388965064039138, -0.025367404526763847, -0.05356324569822472, 0.0015985385130076384, 0.09822945543218853, 0.016273514965286246, 0.3594123858451733, 0.466763133676775, 487162000000, 
-0.040701258914650165, 0.014589969721413795, -0.04336030096632705, 0.0017692830402025984, 0.09870347135919115, 0.017925236223597568, 0.362427258561576, 0.47625612310799986, 487262000000, 
-0.04141780130134026, -0.0005197391731866343, -0.041803413923982846, 0.0016054108408298736, 0.09878262184463366, 0.016251956172563232, 0.36542659569054337, 0.48575442615975867, 487362000000, 
-0.04301577357709448, -0.019784845908560146, -0.04274421415843555, 0.001355351495505262, 0.09857010611943375, 0.013750127182200988, 0.36844900520738466, 0.4953840819715214, 487462000000, 
-0.05312145392975255, -0.002970390762774967, -0.05093468981831237, 0.0013581609858051924, 0.09870795990023083, 0.013759386651065983, 0.37142191500605126, 0.5049091107049998, 487562000000, 
-0.06272958396385916, -0.01319602916462241, -0.06024505177005113, 0.0012276319927824867, 0.09845523903367102, 0.012468935171267471, 0.3743785687679806, 0.5144277697249822, 487662000000, 
-0.045843652992288465, 0.030507321251632954, -0.04882150819005133, 0.0014044818064093145, 0.09873737986551458, 0.014224418435270324, 0.3773561531036339, 0.5240599491374679, 487762000000, 
-0.057533517504260896, 0.00785349032502354, -0.055692936498813614, 0.0011651000139326392, 0.09876757684513296, 0.011796381476073974, 0.38024850951517947, 0.5334588698180712, 487862000000, 
-0.058675382867588714, 0.04260846775995128, -0.058026263340410264, 0.0013846335891072902, 0.09893399192440681, 0.013995529364318554, 0.3832056721554664, 0.5431152796327813, 487962000000, 
-0.0715766558181154, 0.018771617335791583, -0.06872244318857075, 0.0012059943658792632, 0.09870963897088104, 0.012217594740013453, 0.3861142588926967, 0.552654577380856, 488062000000, 
-0.04213379273893664, -0.017808150619192713, -0.04765631375446461, 0.0008059027419143096, 0.09820122034644754, 0.00820664691407232, 0.3890311633538599, 0.5622669080748275, 488157000000, 
-0.06231310695394457, -0.01482771575164843, -0.059230047156665216, 0.0006566238243853243, 0.09847167215763836, 0.006668149428133688, 0.3919077657564522, 0.5717853237696765, 488257000000, 
-0.03596184594243308, 0.01110379460874152, -0.04079254705417367, 0.0007621207288267747, 0.09857345530596547, 0.007731500599844071, 0.3948013885363516, 0.581387722390331, 488357000000, 
-0.04176618767676852, 0.011161034522649766, -0.041542451423112164, 0.0006998129416329041, 0.09889773959599481, 0.007076126759738858, 0.39770539712310543, 0.5910485738071417, 488457000000, 
-0.08030226732136331, -7.948946166939062e-05, -0.07219144295596246, 0.0005659094857972541, 0.09876159088395592, 0.005730056398769368, 0.4005636833226641, 0.6005835710557202, 488557000000, 
-0.07343327447395338, 0.006865742855745064, -0.07314398839428547, 0.0006792512671752786, 0.09826569603191762, 0.006912394605688758, 0.4034179005974951, 0.6101287632217791, 488657000000, 
-0.07093689603636362, -0.01087846563305486, -0.07136542749181225, 0.0005993624709079812, 0.09804939653060159, 0.006112862415434836, 0.40628280183364646, 0.6197301602414859, 488762000000, 
-0.040383084279854674, 0.004920457380922001, -0.04681853998733617, 0.0006235175208492935, 0.09822637403715076, 0.006347760741055853, 0.4091412549184236, 0.6293336997882487, 488857000000, 
-0.04715690037633766, -0.021268714127685304, -0.04706368306996368, 0.00041077534731438764, 0.0985408299239758, 0.004168580147247599, 0.4119659175910615, 0.6388447163871549, 488957000000, 
-0.06586589681371688, 0.0009489373987738266, -0.06191830888349927, 0.0005390567597602526, 0.09864388083539698, 0.005464675103970764, 0.4148011310029983, 0.6484122609681173, 489057000000, 
-0.04278674061099595, 0.0040665662073490465, -0.04675377515330633, 0.000538691232269249, 0.09850537568309051, 0.005468648066500608, 0.417642460079961, 0.6580160224495304, 489157000000, 
-0.037276134815585546, 0.000868490073203231, -0.03923266904469605, 0.000478929446955043, 0.09874539824255825, 0.00485014446727533, 0.4204670467262856, 0.6675822645003782, 489257000000, 
-0.05857579009046416, 0.02273139689539925, -0.05451816969321985, 0.0006154702555632021, 0.09892711369629015, 0.0062214516583665655, 0.42330937948720965, 0.6772279244166121, 489357000000, 
-0.06038562601984834, -0.020205562563380183, -0.05913790886562243, 0.0003111030508212902, 0.09852129714931179, 0.0031577238609618056, 0.42612061769423326, 0.6867854699931127, 489457000000, 
-0.047890885965626545, 0.0015867000034013507, -0.05021244551918583, 0.00037293158757007995, 0.09849982922073071, 0.00378611405238448, 0.4289360055988646, 0.6963770720792222, 489547000000, 
-0.059812626829193874, -0.011913890018487458, -0.057785074741615795, 0.0002264474621460675, 0.09856749997912721, 0.0022973846571539332, 0.43174426337116517, 0.7059556641368997, 489652000000, 
-0.04518916942413388, 0.044784928487852385, -0.04779213549188634, 0.0006069440965828006, 0.09860825659199542, 0.0061551042231089365, 0.4345853850910386, 0.7156598462533614, 489752000000, 
-0.06653209455362351, -0.01418297496566228, -0.06259778500410627, 0.00020357653163364218, 0.0985777608834083, 0.0020651364953847952, 0.4373869289907837, 0.7252387962106777, 489857000000, 
-0.03011839104680532, 0.01303464212118267, -0.03687204232193325, 0.00035910653366162285, 0.09854547284186913, 0.0036440693144561063, 0.44016426848324697, 0.7347542556598288, 489952000000, 
-0.046304964868497875, -0.038789154637644485, -0.044317554717207434, 1.5386013641964394e-05, 0.09878016376217555, 0.0001557601552373204, 0.442958371657848, 0.7443347077136371, 490052000000, 
-0.05108575235890758, 0.028739875089728688, -0.0496520392648593, 0.00042522876126202617, 0.09879161815599573, 0.004304299992237942, 0.44577970208419554, 0.754020232064994, 490157000000, 
-0.03221482679684366, -0.01288024553310935, -0.03583358794671882, 0.00010925164590168008, 0.09873831029596819, 0.0011064767624055765, 0.44855419324679624, 0.7635476438014054, 490252000000, 
-0.05051923315234132, -0.002217345817122858, -0.047435837958024855, 0.00017179584272160707, 0.09893660239896791, 0.001736423513199188, 0.4513368221332438, 0.7731161674511204, 490352000000, 
-0.07369332387271577, 0.007135233319955029, -0.06819013656045383, 0.0002721271130967585, 0.0986976213609115, 0.002757180055045709, 0.45415512750532916, 0.7828120636496111, 490452000000, 
-0.05518663841805609, -0.01596860208454299, -0.057872676909974746, 0.00011563522434697398, 0.09832618437316772, 0.0011760369334389603, 0.45693879074111293, 0.7923953566597688, 490552000000, 
-0.04624824410800864, -0.02694347402808389, -0.04864802384582597, -0.0037838671896984993, 0.09853821330616476, -0.03839999795756163, 0.45972833469824265, 0.8019980820250383, 490652000000, 
-0.05803368789600908, -0.02636600126148094, -0.05604793218035685, -0.003394555151206419, 0.09938958882114644, -0.034154031538605, 0.4625327313691935, 0.8116296533470927, 490752000000, 
-0.05135532339392088, 0.04423261667745328, -0.0523181555984082, 0.00030915116119910427, 0.09753231518847197, 0.003169730571879678, 0.4653726674297266, 0.8212573300847793, 490852000000, 
-0.05697183473275297, 0.0092331147807043, -0.055972375134869704, -0.0003279683425174112, 0.09841222225346122, -0.003332597669349717, 0.4682043533361728, 0.8307612870375976, 490952000000, 
-0.06178748920955349, -0.0012068073219487132, -0.06054749028214357, -0.0007038640942421694, 0.09849719147550823, -0.007146032122318822, 0.4710573096050862, 0.8403420958871974, 491052000000, 
-0.05551743622234133, 0.02348691449669286, -0.056541318550075055, 0.0005901478067929419, 0.09831267106690456, 0.006002764449267476, 0.4738972646482365, 0.8498681415803278, 491152000000, 
-0.06327038844314543, -0.020750455996399984, -0.06183955316928781, 0.0008727460583256436, 0.09832514626100788, 0.008876122655428404, 0.4767595458638222, 0.8594537593085031, 491252000000, 
-0.06939362473205449, 9.45439492157585e-06, -0.0677882843615797, -0.00010661517237306116, 0.09834727350869367, -0.0010840684095186088, 0.4796095173920822, 0.8690186226343638, 491357000000, 
-0.069123216577222, -0.013325896181412531, -0.06881405793301702, -0.0006956195479421617, 0.09826294216414645, -0.007079164663929377, 0.4824627880983457, 0.8786174119673914, 491452000000, 
-0.05518818654925135, -0.03231836074069045, -0.05800112865292186, -0.0005937793728333989, 0.09843729814253949, -0.006032056791863513, 0.48531501472455263, 0.8882051437333778, 491552000000, 
-0.05646665195118461, -0.02430231446305727, -0.056759862458057954, -0.0007852535686186565, 0.09859102887248569, -0.007964756810016425, 0.4881795943679734, 0.897809847254072, 491642000000, 
-0.054603626194662414, 0.0052622622216070575, -0.05502845543208271, -0.0008452655572899561, 0.0985082260302035, -0.00858065961954071, 0.4910428400947794, 0.9073874781058698, 491747000000, 
-0.007795675846829747, -0.010952906285555099, -0.017631396704404938, -0.000657698568337566, 0.09879667475621477, -0.006657092153763948, 0.4938997094715182, 0.9169161755974546, 491852000000, 
-0.060546918461167686, 0.022266274506346603, -0.05157691484378533, -0.000140901194169871, 0.0991146375435901, -0.0014215982387859047, 0.4967745902626305, 0.9264777342806558, 491952000000, 
-0.04973901308303132, 0.01139040376111444, -0.05010100662589419, -0.00010062763608430407, 0.09874067610812706, -0.0010191102598296033, 0.49967022495132635, 0.9360886847196477, 492052000000, 
-0.06157225029474203, -0.02918216366980811, -0.05915444681283293, -0.00031915290807271496, 0.09867379198111308, -0.0032344242748247, 0.5025728830805554, 0.9457177060298527, 492152000000, 
-0.058167949738074196, -0.01938555255294099, -0.05834780136082467, -0.00018614260164520542, 0.09855113592358047, -0.0018887920458831244, 0.5054541723690736, 0.9552711167474837, 492252000000, 
-0.0369599264022141, -0.01769226528193978, -0.04139890432940105, -0.00016006437500298962, 0.098587902797458, -0.0016235701385374913, 0.5083437737572112, 0.9648419055827759, 492352000000, 
-0.08193849518208352, 0.010437248908276651, -0.07345491273889757, -6.366701368438813e-05, 0.09869005154450704, -0.0006451208879516667, 0.5112260237025458, 0.9743822352661322, 492452000000, 
-0.03698287769100689, 0.017079603417198417, -0.04456601926470884, -2.6145900510413983e-05, 0.0983160144769458, -0.0002659373516055714, 0.5141448676077233, 0.9840387846852041, 492552000000, 
-0.08441611203894331, 0.001319211643326621, -0.07607430485373803, -4.323895016612954e-05, 0.098582351464106, -0.0004386074132333201, 0.5170249029546817, 0.9935649181711387, 492652000000, 
-0.07458048259018324, -0.01272488932172648, -0.07485984880155341, -0.0001353055400957559, 0.09813230782830211, -0.0013788072765239987, 0.519932825896439, 1.0031820332785655, 492752000000, 
-0.04527618357470999, 0.00127045960073854, -0.051419059523723096, -8.446912299866771e-05, 0.09816208250159368, -0.0008605066319502374, 0.522819492756329, 1.0127268318876084, 492852000000, 
-0.05246887051625851, -0.023786335179580825, -0.05222437115525555, -0.0002902158767996984, 0.09856005176696697, -0.0029445588917290533, 0.5257128104027303, 1.022288743380142, 492952000000, 
-0.052636062121561536, 0.019485751389272207, -0.0525264132473417, -1.747417428523547e-05, 0.09857128843558166, -0.00017727448390466357, 0.5286021283022297, 1.0318337137321139, 493052000000, 
-0.06932351689731643, -0.0002836614652967145, -0.06579257714795615, -9.356078037913216e-05, 0.09855059001364473, -0.0009493680389552035, 0.5315047163832681, 1.0414140545275787, 493152000000, 
-0.05708932830729124, 0.0191176530476231, -0.058877574496425465, 7.229700701968062e-05, 0.09834716202681355, 0.0007351204196412849, 0.5344077689758866, 1.0509951728638933, 493252000000, 
-0.046216591039687074, -0.00035735610321388283, -0.04883279704095457, -2.0277953655261787e-05, 0.09847693005932445, -0.00020591577786844032, 0.537303188868372, 1.0605487393718755, 493352000000, 
-0.05097409179237271, 0.02712403255730156, -0.05050398628268997, 0.00020217144437907739, 0.09865493680010234, 0.0020492785352315755, 0.5401986923440586, 1.0701049960299125, 493452000000, 
-0.06177061977796654, 0.0016534528207342934, -0.05939547465196288, 1.1653483536234661e-05, 0.09863403531433972, 0.0001181487049485082, 0.5430921208985833, 1.0796547527413451, 493552000000, 
-0.06428351666927482, 0.004061545151418245, -0.0632366026915796, -2.5470108689148852e-05, 0.09846046825691757, -0.00025868360307497717, 0.5460019550878096, 1.0892643385883485, 493652000000, 
-0.029302617752098935, -0.0025513446562311554, -0.03635893456321756, -9.212395663160105e-05, 0.09848853641470297, -0.0009353774559477384, 0.5488998811369048, 1.0988346103497755, 493752000000, 
-0.03334957035660889, -0.002776383336415885, -0.03395935196276353, -0.000124764451059401, 0.09894561232288196, -0.001260939703443002, 0.5517812659731024, 1.1083488473834626, 493852000000, 
-0.07756805894579835, -0.009419865163898351, -0.06844746303014036, -0.00021234103599253613, 0.09892987730774025, -0.002146379251356078, 0.5546835574082692, 1.1179284745449736, 493952000000, 
-0.06235818865965119, -0.00899891967890607, -0.0636008757357643, -0.00021305502518005162, 0.09838971427595045, -0.002165419696031468, 0.5576038022395812, 1.1275623891602662, 494052000000, 
-0.05393724632368443, 0.014995275910925396, -0.055926239552381685, 1.1651398915279374e-05, 0.09835179392810021, 0.0001184665622245497, 0.5605055649671331, 1.13712845480029, 494152000000, 
-0.06912304503617389, -0.029280528323468592, -0.06634172855402133, -0.0002596405109808407, 0.09844021957220427, -0.002637545020817418, 0.56341259446337, 1.1467053052614253, 494252000000, 
-0.08837544226296541, 0.008125055017521518, -0.08374526194879345, -7.074087523948963e-06, 0.09818088969234931, -7.205157282762133e-05, 0.5663579674389116, 1.1564076074941554, 494352000000, 
-0.04237011445218668, 0.016949482897968625, -0.05097227910609376, 0.00014534776930430544, 0.09804546183761959, 0.0014824527987335788, 0.5692360158070779, 1.1658811402721798, 494447000000, 
-0.05949488886487459, 0.006145068124484151, -0.057690249294809086, 9.824110683635694e-05, 0.09851100447231853, 0.000997260228566267, 0.5721237317246118, 1.1753871338451594, 494547000000, 
-0.08549738039954678, -0.008127263302211628, -0.07966585607233924, -5.8991797412584536e-05, 0.09838586310255575, -0.0005995962788992611, 0.5750289626708014, 1.1849551650543164, 494652000000, 
-0.029473087377753712, -0.012046974672789122, -0.03991769597126882, -8.76296194636502e-05, 0.09819092814222603, -0.0008924410953394986, 0.5779393055062231, 1.1945423350819497, 494747000000, 
-0.07860106791028104, 0.0010472529732286644, -0.07050397251091477, -2.0648854599713884e-05, 0.09865362863430609, -0.00020930658999129196, 0.5808323729247015, 1.2040705188859329, 494847000000, 
-0.08062923126871722, -0.01896534308807533, -0.07848497819447829, -0.00024622876935527786, 0.0982185515028381, -0.00250694767523794, 0.5837561483563167, 1.213696677462922, 494947000000, 
-0.05915601653589692, -0.02291601286842561, -0.06315670995179502, -0.0003121214374875663, 0.09811503538257477, -0.0031811784633265197, 0.5866619901567488, 1.2232613776856867, 495047000000, 
-0.056702654095288185, 0.02679810918545547, -0.058020900688345325, 0.00011465396259548616, 0.09825107292034731, 0.001166948707913213, 0.5895647780507152, 1.232808014179164, 495147000000, 
-0.08823795843530924, 0.01771164626313906, -0.08190205987738242, 0.0001416341085067003, 0.0983360869625398, 0.001440306533253194, 0.5924753295724197, 1.2423722201111207, 495247000000, 
-0.06939790886067287, 0.017697879531195705, -0.07197227988475233, 0.00014707804037283832, 0.09799690640935685, 0.0015008437078458136, 0.5954267677902891, 1.2520750035851054, 495347000000, 
-0.08662432638832408, 0.012851262759816098, -0.08353275059007047, 0.00017034349296625177, 0.09806294970859519, 0.0017370831029705524, 0.5983035563552913, 1.2615374050984975, 495442000000, 
-0.03796502843311497, 0.00038072821859707153, -0.04744146757105083, 0.00011593896855541235, 0.09801896156502658, 0.001182821840838392, 0.6012142425861623, 1.2711164420574974, 495542000000, 
-0.03196776637604323, -0.011379844492366394, -0.035174194488678825, -9.00186422507084e-05, 0.09864719896088568, -0.0009125311534329671, 0.6040990894186804, 1.280615531448506, 495642000000, 
-0.06995941919606186, 0.012655998352582042, -0.06267943684643784, -2.463413333039829e-05, 0.09885224185855958, -0.000249201564549699, 0.6070087907984798, 1.2901992948961976, 495742000000, 
-0.048545952142083564, -0.024923216748057846, -0.05147012773433005, -0.00028715132935194586, 0.09851732108574049, -0.0029147293713156852, 0.6099156781545447, 1.2997704758901645, 495842000000, 
-0.06325665932094435, -0.014081110773158042, -0.060771835327127634, -0.00025909569211388084, 0.09860994113950013, -0.002627480445884731, 0.6128248803486955, 1.3093467190695531, 495942000000, 
-0.03920337106995313, 0.008061834918926855, -0.0436796704420202, -6.353871052557467e-05, 0.09851099804999013, -0.0006449910343343745, 0.6157299371407661, 1.3188999622517932, 496042000000, 
-0.07152635255118414, 0.027855782608104628, -0.065691141013964, 0.00018538532446714086, 0.09865695591964482, 0.0018790902551071562, 0.6186693591958552, 1.328559039054585, 496142000000, 
-0.030230126587055796, -0.005501423981313695, -0.03760549755888586, 1.1987236886959705e-05, 0.09848208090794294, 0.00012171997968000786, 0.6215628185528553, 1.3380661169743386, 496242000000, 
-0.07577523797663904, -0.014358173085878322, -0.0677873910108837, -3.344996052425309e-05, 0.09876290368901879, -0.00033868952081015323, 0.6244573099275704, 1.3475816757326828, 496342000000, 
-0.0639789378502698, -0.027522282450703976, -0.06474507114775355, -0.0001185067582819124, 0.09834744666970904, -0.001204980528675102, 0.6273864042834709, 1.3572109106701387, 496442000000, 
-0.07083745357831477, -0.0014058475121525949, -0.06953630282181741, -2.292612235938857e-05, 0.09829041491669752, -0.00023324881046456842, 0.6302954901173287, 1.3667728572498612, 496542000000, 
-0.05385193554765181, 0.016815333571429242, -0.0570949570076221, 8.7964322416268e-05, 0.09824321053205506, 0.000895373043489522, 0.6332272357190186, 1.376406042270432, 496637000000, 
-0.02699084351599227, 0.011080873669095048, -0.033249287403678274, 9.168290211793948e-05, 0.0985701326553133, 0.0009301286266758152, 0.6361088169733299, 1.3858743467934782, 496742000000, 
-0.050914639689388363, 0.008817047676698674, -0.04720940600450063, 0.00010408543596669247, 0.09895361703011213, 0.0010518608524943429, 0.6390065296134059, 1.3953987381722497, 496842000000, 
-0.0905848937843293, -0.023798532837386536, -0.08150834347317712, -0.00013389311673128447, 0.09862338199745453, -0.0013576204143429219, 0.641930343710945, 1.4050116457727548, 496942000000, 
-0.07782121153051005, -0.027887240796071737, -0.0785563204047629, -0.00023188082814800914, 0.09805327291836524, -0.0023648453666718777, 0.6448695209725281, 1.4146768623366115, 497042000000, 
-0.0482484532957691, -0.013985115042069673, -0.05454070314540962, -0.0001935856987381189, 0.09809772929994477, -0.001973396327515482, 0.6477769241447309, 1.4242323564501884, 497142000000, 
-0.04210356174375039, -0.0016102596384639208, -0.044673860558862015, -0.00010896115969801863, 0.0985240879890902, -0.001105934212860556, 0.6506640333683176, 1.4337135754263424, 497242000000, 
-0.08046247082934185, 0.012727819363579406, -0.07296924671553878, 3.7856117462377666e-05, 0.09862213540970152, 0.00038385010936047665, 0.6535788917129921, 1.4432800973646296, 497342000000, 
-0.03873649921277739, 0.027787880110968458, -0.045851629430139665, 0.0002605326373752083, 0.09831026774884563, 0.0026501060707188186, 0.6565383285148261, 1.4529905960545535, 497442000000, 
-0.04129787412606104, -0.012869937237257607, -0.04222659556879909, 6.430529736179372e-05, 0.09869235783771757, 0.0006515732197576291, 0.659405029546281, 1.4623991470011508, 497537000000, 
-0.0574003400960889, -0.003105029705644478, -0.054212263253513436, 8.933672740129005e-05, 0.09878369961718243, 0.0009043670944447076, 0.6623365702607583, 1.4720282669002507, 497642000000, 
-0.06612849793780758, 0.03310122959525441, -0.06361699049399307, 0.0003273484681753154, 0.09860734375414033, 0.003319716926880212, 0.6652323504127702, 1.4815429020696351, 497742000000, 
-0.08650478547591373, -0.0013056254326363863, -0.08169819774572423, 4.558634866150295e-05, 0.0982942551787982, 0.00046377429259299987, 0.668166110441427, 1.4911863721740035, 497837000000, 
-0.02140752678274061, -0.03853183591290185, -0.0339595327387876, -0.00035869054218433627, 0.09815447583680596, -0.003654347283976168, 0.6710684284261874, 1.5007350509432333, 497937000000, 
-0.0611231595809712, -0.005725648511999457, -0.05543279860476444, -0.0001677690421490415, 0.09882295150425395, -0.0016976728542844595, 0.673981590766771, 1.5103187391126307, 498037000000, 
-0.04937272277380995, 0.01093754306906692, -0.05061417126107007, 1.4314086575419446e-05, 0.09862099225963791, 0.00014514239055448742, 0.6768721840902928, 1.5198173691344867, 498137000000, 
-0.05771754746237602, -0.020184803285516768, -0.056211357642621945, -0.0002462487599860549, 0.09863493610573625, -0.002496567339204004, 0.6797841915878857, 1.5293811855146344, 498237000000, 
-0.07713661491539064, -0.007783453990706784, -0.07274260678296608, -0.0001465071866945928, 0.0984850224701456, -0.001487608806090332, 0.6827070938873231, 1.5389797436769423, 498337000000, 
-0.04822377117001211, 0.011155018499073775, -0.05331129866427711, 0.00012657116662041304, 0.09824655343035592, 0.0012883013418901826, 0.6856221951474045, 1.5485454335182045, 498437000000, 
-0.045669331763684824, 0.021738078591242327, -0.04723912780320302, 0.00024689342541221905, 0.09857387972752976, 0.0025046536272556445, 0.6885344723665116, 1.5580988811512064, 498537000000, 
-0.02719055423540599, -0.02055887265901976, -0.03135436431402894, -9.601292882981195e-05, 0.09875266505815028, -0.0009722565843997724, 0.6914365046154587, 1.5676231087007917, 498637000000, 
-0.03537594201911377, 0.04059566582291385, -0.03452068196657855, 0.0003694954298659139, 0.0990404137188993, 0.003730754103215193, 0.6943419387611268, 1.577165839244958, 498737000000, 
-0.0698642142360784, 0.01055498589560798, -0.06246921583722673, 0.000248244604802743, 0.09898395823901342, 0.002507927640187056, 0.6972630219430345, 1.5867594813283494, 498837000000, 
-0.05563646508048185, 0.007094284175404711, -0.05703678246621835, 8.379574045206794e-05, 0.09852906028634469, 0.0008504672652772812, 0.7001859737791204, 1.5963709144964096, 498937000000, 
-0.054691580067704845, -0.014429607592072565, -0.05515552240249362, -0.00016525648333193772, 0.09851094163887907, -0.0016775444492017357, 0.7030870701335978, 1.605917396767367, 499037000000, 
-0.06912564157140896, -0.03194437935437186, -0.06618359802776354, -0.0002942968796266967, 0.09853477642153814, -0.002986731084339966, 0.7059954540550728, 1.6154888117014274, 499137000000, 
-0.07509635785911654, -0.014536430605764927, -0.07320613062927186, -0.0002587158190208751, 0.09831448441199293, -0.0026315127477728557, 0.7089233338230322, 1.6251178141705342, 499237000000, 
-0.03328788237310486, 0.02804117577782232, -0.041589618770463396, 2.110509187973814e-05, 0.09821186432983008, 0.0002148935062352528, 0.7118424186297562, 1.6347084766326363, 499337000000, 
-0.04042742520748407, -0.006194289207515077, -0.040648835854755726, -8.938116711979487e-05, 0.09877123450446453, -0.0009049311529639207, 0.7147253899592941, 1.6441731404487463, 499437000000, 
-0.041131128052051005, -0.022567901844316725, -0.04101137455463445, -0.00013133989901095955, 0.09891250309086214, -0.0013278392003719616, 0.7176311296846655, 1.6537124297233978, 499537000000, 
-0.058822108319755734, 0.04504219707520306, -0.05508518125600374, 0.00044483022925533445, 0.09880898308783714, 0.004501920932228384, 0.7205466167185206, 1.6632816913728024, 499637000000, 
-0.03191507791296893, 0.003978537873820262, -0.03672812114469779, 0.0001888912318879069, 0.09869572304322206, 0.0019138745435319958, 0.7234782712897954, 1.6729027283855211, 499737000000, 
-0.0682628605474461, 0.030760533618349923, -0.06166064590983289, 0.0003049216435393921, 0.0988869978411906, 0.0030835362605414183, 0.7264156634165948, 1.6825567411151356, 499837000000, 
-0.06003511129063491, 0.016180100684755228, -0.06034876630922343, 0.00023600591175171692, 0.09854840693777198, 0.0023948221902840294, 0.7292945147419182, 1.6920255502538637, 499937000000, 
-0.07707374241927407, -0.0008390723811726882, -0.07355495157629385, 8.577901859844388e-05, 0.09837843960177911, 0.0008719290420305937, 0.7322102243270356, 1.7016252586604577, 500037000000, 
-0.09160412953382688, 0.013701117793319152, -0.08780355364799179, 1.2489629294333084e-05, 0.09808016899503523, 0.0001273410254316069, 0.7351214998032948, 1.7112174484695817, 500137000000, 
-0.08387944441933823, 0.005788534251036589, -0.08466021141868824, -0.00010329096566450277, 0.09779087481832281, -0.0010562433954742515, 0.7380326527359102, 1.7208114878789365, 500237000000, 
-0.08328596172955345, -0.007184927186436341, -0.08353449801404872, -0.00019845192256266083, 0.09779141778764375, -0.0020293388423266714, 0.7409336325230966, 1.7303714394897785, 500337000000, 
-0.052581355485410326, -0.022893661068558255, -0.05900541027483877, -0.00034002658463558105, 0.09795109325165008, -0.003471391419409737, 0.7438384252884791, 1.739939358860266, 500437000000, 
-0.06203686658843819, 0.01826409401946503, -0.061375275715377084, -1.541101691291281e-05, 0.09827953355772955, -0.0001568079981155014, 0.746751884081416, 1.7495286286724292, 500537000000, 
-0.053160493499136006, 0.0017660095712094415, -0.05484712110736638, -3.170715228257305e-05, 0.09839234000165278, -0.0003222522432339798, 0.7496667294480396, 1.7591126289421262, 500637000000, 
-0.03608154012662987, -0.008113827236073717, -0.03997413771103601, -6.982322599382578e-05, 0.09860072170686711, -0.0007081411249849189, 0.7525494250079572, 1.7685901599385945, 500737000000, 
-0.048437470478939225, 0.004753269854811226, -0.046651163164328095, 7.504790280882524e-05, 0.09884653583096684, 0.00075923654964663, 0.7554479607107726, 1.7781187557811593, 500837000000, 
-0.07782160967392654, 0.003321735940911036, -0.07129275471538862, 0.0001267982543845833, 0.09867271377444302, 0.001285038685309018, 0.7583804088228469, 1.7877574930934983, 500937000000, 
-0.008659988855864498, 0.02559508944222401, -0.02170584353708284, 0.00023842485407940528, 0.09849457046491739, 0.002420690327943807, 0.7612888071016326, 1.7973204071637248, 501037000000, 
-0.07341800424706371, -0.005449733541813978, -0.06260861245406177, -1.7781159076038723e-05, 0.0990424196864762, -0.00017953074180059297, 0.7641691836440152, 1.806795688164969, 501137000000, 
-0.049951006116344746, 0.014065222967005651, -0.05256696087720232, 0.00010141886712713518, 0.09852303564327705, 0.0010293924305615498, 0.7671347085848775, 1.8165580474885565, 501237000000, 
-0.0068140419789285145, 0.03480718295851558, -0.016341788463738238, 0.000262330183533997, 0.0987904930519638, 0.0026554193164721965, 0.7700380134330788, 1.8261161746281747, 501337000000, 
-0.03930133882986826, 0.01650286017779085, -0.03449756963667862, 0.00011603274838003979, 0.09936509253681401, 0.00116774156212908, 0.7729174786707781, 1.8356000574300684, 501437000000, 
-0.026374539992833727, -0.022346389253413305, -0.028056145081833368, -0.00023136746704045826, 0.09916942586937687, -0.0023330524000936426, 0.7757892129937978, 1.8450656943280914, 501537000000, 
-0.028799370708809145, 0.013104154264079656, -0.028631035220377944, -2.7797936713025e-06, 0.09921240308635515, -2.8018610423970365e-05, 0.7787143100141227, 1.8547094502531432, 501637000000, 
-0.07087430924465395, -0.018239959857262893, -0.06204182359567861, -0.000219860086087611, 0.09909285290622245, -0.0022187279873320215, 0.7816121832688641, 1.8642564184930859, 501737000000, 
-0.05469504115848976, -0.010672240424435687, -0.056203338223515566, -0.0002769628326712594, 0.09857285212027571, -0.0028097272901601495, 0.7845237140868621, 1.8738466859005722, 501832000000, 
-0.045524714460889126, 0.0014668826847955992, -0.047728823122077144, -0.00015641693912263354, 0.09856894021845582, -0.0015868785722558312, 0.7874306499478821, 1.8834141118024177, 501937000000, 
-0.05542981705122715, -0.005027900966591624, -0.05379939847497033, -6.99700101140411e-05, 0.09868118217323738, -0.0007090511946969476, 0.7903569310700949, 1.8930365186787186, 502032000000, 
-0.02684001838770665, -0.017560318591354138, -0.03244425063683893, -0.00014862183808468123, 0.0987103731632207, -0.0015056354598004644, 0.7932755539599367, 1.9026286315502, 502132000000, 
-0.061262208552922436, 0.010060953981885659, -0.05522923108879378, 6.269393166623195e-05, 0.09893644951614529, 0.0006336788107198148, 0.7961972972954897, 1.9122285105319798, 502232000000, 
-0.05366822088397663, 0.019378803879016207, -0.05397052984931288, 0.00023297249452402583, 0.09864577394799683, 0.0023617078076435603, 0.7991085622470037, 1.9217905988791204, 502332000000, 
-0.07747676620387631, -0.001236388671752871, -0.07254481224867192, 8.369911339004544e-05, 0.09850438531342512, 0.0008496993623555776, 0.8020314666911976, 1.9313938727500377, 502437000000, 
-0.055594796221335535, 0.01564061372629594, -0.05910245721825009, 0.00014902676195369447, 0.09826269602354816, 0.0015166158469535676, 0.8049255673629775, 1.940909729119016, 502537000000, 
-0.06000083268154985, -0.03782777994628385, -0.05978557200772968, -0.00023617741611457288, 0.09834819610242466, -0.0024014412615011877, 0.8078547060904097, 1.950543254015935, 502632000000, 
-0.06175180475101675, -0.03432103579501122, -0.061313530924258175, -0.00034150288133498447, 0.09846930688487214, -0.0034681150110486827, 0.8107624260601763, 1.9601087087809093, 502737000000, 
-0.04970560662712935, 0.021229439547681844, -0.052102552260704205, -1.483023088728539e-05, 0.09841297055718837, -0.00015069386487696207, 0.8136227424280877, 1.9695102010661854, 502832000000, 
-0.06176871678003094, -0.015741386608429997, -0.059725642474035494, -0.0001848874137052649, 0.09854120138370275, -0.0018762447697927352, 0.8165683528911027, 1.9791820071220494, 502932000000, 
-0.07215949373889746, 0.002252316590321061, -0.06953740298175813, -6.95194918431764e-05, 0.09842296981324668, -0.0007063340191327961, 0.8194514911787948, 1.9886472684823389, 503032000000, 
-0.05166514476093142, 0.03598631754533927, -0.055365794395831516, 0.00028078376662743444, 0.09826727538869391, 0.0028573476319232504, 0.8223743349639757, 1.998238099465355, 503132000000, 
-0.07394685280180233, 0.011402422693937122, -0.0700409663307293, 0.00021266443940449832, 0.09843772571548036, 0.0021603957005180445, 0.8253045347625252, 2.0078528419639965, 503232000000, 
-0.04512807261988841, -0.00721262822210368, -0.05029863843854593, 1.151936233604114e-05, 0.0982965114984847, 0.00011718994052213865, 0.8282153466557874, 2.0174128524417605, 503332000000, 
-0.061893558106743025, 0.0063954868366967055, -0.05944873311463543, 9.271264225704143e-05, 0.09856126444187108, 0.0009406600329455086, 0.8311077697564458, 2.026918668024022, 503432000000, 
-0.059302199654889545, 0.01175706916637491, -0.0593058223646, 0.00013781078479544793, 0.09846111428726156, 0.00139964681278523, 0.834044580704694, 2.0365714393859173, 503532000000, 
-0.031005351321023753, 0.11741263342279576, -0.03688713089585774, 0.0696144432907026, 0.09849543869540596, 0.7067783464164576, 0.8369065162717669, 2.0461459431311466, 503632000000, 
-0.06176738042463782, -0.07163442132558762, -0.05681821874158846, 0.02950258187502018, 0.04068876032816394, 0.7250793987596396, 0.8392006697302746, 2.054251385860744, 503732000000, 
-0.08424862649797678, -0.11009560273924399, -0.07858202174195858, 0.004958845998702572, 0.025766585174769298, 0.19245258791833564, 0.8401129752425038, 2.058509806788587, 503832000000, 
-0.0409436492648749, 0.08666246380744665, -0.04844618127534523, 0.011349487998472211, 0.09267413553442949, 0.12246661846935436, 0.8407168518349251, 2.0624529452762372, 503932000000, 
-0.059896041386677625, -0.02093985897775689, -0.05747590961220129, 0.00897175784588684, 0.09433420611748033, 0.09510609369748386, 0.841933448166338, 2.0717605961488577, 504032000000, 
-0.07760812861718921, 0.0029855691078851552, -0.07335955331637814, -0.009689164987787189, 0.0987407930899545, -0.09812727530920477, 0.8430993660414134, 2.0814606249706173, 504132000000, 
-0.04781370684213073, 0.1452770682978605, -0.05317311227039109, -0.01717140508457818, 0.08591485560928715, -0.19986537791168676, 0.844208855620663, 2.0911110036807337, 504232000000, 
-0.026721863806713948, 0.08120482468115894, -0.03223681486644431, -0.0059680122315412245, 0.08243134289893066, -0.07239979383641273, 0.8452976626062805, 2.0997527982649196, 504332000000, 
-0.0937836221955047, 0.050314089064667965, -0.08087252763512853, 0.002106516966722515, 0.09259941490580098, 0.022748707093510484, 0.8465267715277567, 2.108338883333543, 504432000000, 
-0.06891710971915288, 0.015202995113967867, -0.07135622533105149, -0.002701456368366995, 0.09720306456677438, -0.027791884755970928, 0.8479255193798666, 2.117717550055277, 504532000000, 
-0.06589399627920245, -0.02625464388419464, -0.06699566581691302, 0.0024064729941094495, 0.09850885550079932, 0.024429001655489974, 0.8493850621036728, 2.1276097114578323, 504632000000, 
-0.03142481853437505, -0.006564646928156358, -0.0388238168864644, 0.008210849644729495, 0.09799501164747793, 0.08378844501051513, 0.8508562651121548, 2.1374873952652567, 504732000000, 
-0.042326580827778, 0.0483399233441649, -0.041562508909569446, 0.008201842072069658, 0.10131155621526242, 0.08095662902110336, 0.852292971399602, 2.1473745723981033, 504832000000, 
-0.036040577888413326, 0.03602634817462264, -0.0371746490968184, 0.005067152859153986, 0.10136865179076288, 0.04998737548185213, 0.8536782415257297, 2.1574831620148176, 504932000000, 
-0.05545842753905672, 0.02839276514568657, -0.051628967318569086, 0.005076923503892695, 0.10029518864459737, 0.050619811104629445, 0.8549850123955621, 2.1675792511510967, 505032000000, 
-0.0672202442705794, 0.006805605763058185, -0.06394704953359923, 0.004436320568955369, 0.09894548489045832, 0.04483600817022404, 0.8562520045083301, 2.177764139403042, 505132000000, 
-0.05860555267460594, 0.021541514590191012, -0.05969082620335108, 0.001680517457899075, 0.0991684697384536, 0.016946086415684975, 0.8574466439993703, 2.1877599208310206, 505232000000, 
-0.013750676247265572, 0.05948434288837787, -0.02331384216468247, 0.0006605111288789451, 0.09954277211737331, 0.006635450418239512, 0.8586028317656678, 2.1977633145774234, 505327000000, 
-0.06198629668259839, -0.0006108122306081789, -0.05390235387795661, 0.0009538782788260619, 0.09925310554376314, 0.00961056355466352, 0.859743402669717, 2.207765183294144, 505432000000, 
-0.06183595405945851, -0.0027691752775878663, -0.06015838516861902, 0.0011976178273695104, 0.09866469081438745, 0.012138261595756927, 0.8608567992140769, 2.217593575305064, 505532000000, 
-0.028305020253233594, 0.01169192170386948, -0.034928371290451926, 0.0012122497569154707, 0.0986662610480339, 0.012286365613117828, 0.8619756812231887, 2.227559007943609, 505627000000, 
-0.053661585456758365, -0.0004590209890969841, -0.04973337388007168, 0.0017728966491233947, 0.09888107417035076, 0.017929585251764926, 0.8630753764849411, 2.237465822926158, 505727000000, 
-0.08623454386178445, 0.010104593951615047, -0.07859172599371347, 0.0024557914449249594, 0.09867228891196217, 0.024888359964124036, 0.8641670997727152, 2.247426364138921, 505827000000, 
-0.031441687892256404, 0.007374556505562314, -0.041252006654672685, 0.002152373043205536, 0.09832590127115104, 0.021890193889705492, 0.865245193854797, 2.2574385307371756, 505927000000, 
-0.07237512599512447, 0.03533263527923983, -0.0658541022639519, 0.0022527734965650994, 0.09922888062394992, 0.022702800660449746, 0.8662861046704036, 2.267332100363331, 506027000000, 
-0.06718965752366807, 0.011886336109324816, -0.06688337652755025, 0.0020378932218135474, 0.09860434116514671, 0.020667378309443776, 0.8673252732560037, 2.2774208654654116, 506127000000, 
-0.0723856875462793, -0.02223933256457646, -0.07120991402598012, 0.0015011621439659517, 0.09788975935972884, 0.015335231731946817, 0.8683259732247873, 2.287351175197371, 506227000000, 
-0.0269609038077988, -0.006858036464620812, -0.03616626114030102, 0.0012159172716916487, 0.09811601457431351, 0.012392648406756345, 0.8693083807799056, 2.2972929647366054, 506327000000, 
-0.07483326394640853, 0.004921117644346024, -0.06674078149945956, 0.001130265576279747, 0.0987444896119941, 0.011446366077955385, 0.8702658221500236, 2.3071304128333106, 506427000000, 
-0.06330198649204058, 0.003631495382973369, -0.0639912169541481, 0.0009422536937944454, 0.09837129240705837, 0.009578543401619845, 0.8712285951063107, 2.3171475117049583, 506527000000, 
-0.08212186568607248, -0.006274271050321979, -0.07830810066160204, 0.0006971432368303127, 0.0982019565736773, 0.007099076852987872, 0.8721735106357814, 2.327093069063871, 506627000000, 
-0.03100136473662513, 0.021792528950222302, -0.04084277834417246, 0.0009265285312898266, 0.09827217257589908, 0.009428188133057054, 0.8731109602344218, 2.337057908734693, 506722000000, 
-0.031940152916129665, -0.005238155439291822, -0.03377813505573236, 0.0008359869097907541, 0.09876306835673196, 0.00846457004323895, 0.8740357414463281, 2.3469678268367717, 506827000000, 
-0.09192513617314377, -0.0017686717096555705, -0.079768877963498, 0.0008153883005065668, 0.09880081072825013, 0.008252850300482633, 0.8749555322499797, 2.3569235339892547, 506922000000, 
-0.05841478467129085, 0.02390125742010949, -0.06283907645289939, 0.0009933582537921958, 0.09829655663597993, 0.010105727889033626, 0.8758779234539721, 2.3670013918072974, 507022000000, 
-0.08257447415020577, -0.011438203432347497, -0.07842631307342798, 0.0007733332296598069, 0.0981669088744252, 0.007877738420479882, 0.8767740851470581, 2.3768852646573575, 507122000000, 
-0.05552257248537049, 0.005708118985931874, -0.06026935071306526, 0.000771800127710489, 0.09808718880592951, 0.00786851103702783, 0.8776698249530182, 2.3868710229703805, 507222000000, 
-0.04419986452670267, 0.004715307751388676, -0.047526170885059824, 0.0006963291997634429, 0.09842244240442316, 0.0070749026619578124, 0.8785523648653444, 2.3967971288873007, 507327000000, 
-0.08021080643897317, 0.010412936741858687, -0.07336397917443804, 0.0006880898332652546, 0.09860853384222881, 0.006977994768345112, 0.8794299925360266, 2.4067549469180047, 507422000000, 
-0.07242610838452469, -0.00947756402935435, -0.07259085327170817, 0.000497903374978796, 0.09812669141307793, 0.005074087058360121, 0.8803035077005659, 2.416745289267806, 507522000000, 
-0.06299102056869937, -0.011510987644864148, -0.06496263744392913, 0.0004214216269574117, 0.0980777489719569, 0.004296811778152735, 0.8811678278670542, 2.426705637087371, 507622000000, 
-0.09059766049674328, 0.02011692839726491, -0.08521511921901051, 0.000624810746545508, 0.09821363718006783, 0.0063617514276552165, 0.8820264098149999, 2.4366583829321513, 507722000000, 
-0.010154669772167488, 0.016446489676858404, -0.025788153566393898, 0.0006013832135608942, 0.09819641306075523, 0.006124289012357422, 0.8828821027555169, 2.44663223163561, 507822000000, 
-0.05501734837117857, -0.016791920804096343, -0.04889957453329675, 0.00032993698552281626, 0.09889594754594153, 0.003336203289518471, 0.8837242509721053, 2.4565193381224084, 507922000000, 
-0.0608515355450288, 0.016773353113634096, -0.05833453767611993, 0.0005404613839702774, 0.098745848322317, 0.005473256781451243, 0.8845682049875736, 2.46649521141372, 508022000000, 
-0.05732111913048585, 0.01787328503240843, -0.05750673322099549, 0.0005819485325719842, 0.09859428467717297, 0.005902457069164373, 0.8854120554158095, 2.476514943202121, 508122000000, 
-0.05364031090233552, -0.009942367062386116, -0.05442212254173828, 0.0002866440931836385, 0.09847436534733796, 0.0029108498660802722, 0.8862443786843591, 2.4864616401145834, 508222000000, 
-0.048194954715253396, -0.010069027361966486, -0.04947004696240797, 0.00018387695451853734, 0.09854541522975371, 0.0018659107995013, 0.8870729691187805, 2.4964265539707253, 508322000000, 
-0.044131734489912984, 0.015738181845250485, -0.04522315711897816, 0.0004072212493304819, 0.09870615178806202, 0.004125591383654095, 0.8878970205016229, 2.5063714510209483, 508422000000, 
-0.09937332656661803, -0.007256750051942597, -0.08804718083504995, 0.0002274429250577916, 0.09856693095567612, 0.002307497279793249, 0.8887219650137786, 2.5163535581943357, 508522000000, 
-0.0825336480230299, -0.019365486258854175, -0.08364803574411822, 3.2396356682326056e-05, 0.09784712190487643, 0.0003310915645921672, 0.8895481022558491, 2.526394556725622, 508622000000, 
-0.07247450585053727, 0.01791942756204559, -0.07476932314911594, 0.00034025015766941567, 0.0978481491844867, 0.003477328498343845, 0.8903673216454482, 2.536377637337698, 508722000000, 
-0.039342902077396415, 0.01872800825667863, -0.046704349696179565, 0.00045260140484254324, 0.09817230995908625, 0.004610275596358758, 0.8911807282822986, 2.546302381242487, 508822000000, 
-0.06470329637694307, 0.012860444624178005, -0.06092197322154043, 0.00036504640081525924, 0.09862676982353395, 0.0037012912566072222, 0.8919902136886793, 2.5562234362943337, 508922000000, 
-0.07229474687453515, 0.015608445825177656, -0.06989335800901768, 0.0003736876554724102, 0.0984491066903647, 0.00379574450226051, 0.8928001540538827, 2.5662046414210002, 509022000000, 
-0.07056197410471571, -0.03415587821339878, -0.07039160040010017, 5.287003897179544e-05, 0.09809809585257319, 0.0005389507157330681, 0.8936151892688806, 2.5762923979130874, 509122000000, 
-0.029210465877043516, -0.0028088912902162694, -0.03777644552254478, 0.00014164359592011404, 0.09829469830543895, 0.0014410095189465214, 0.8944083531415562, 2.586149466230874, 509222000000, 
-0.014900988344323317, 0.025296718361093457, -0.019656819143805376, 0.00031043983523151305, 0.09896430398352586, 0.003136886965659765, 0.8952095048984245, 2.5961161603940455, 509322000000, 
-0.08699343488074893, -0.008005540565503714, -0.07292458783675254, 9.290167147397276e-05, 0.09911942605056254, 0.0009372700708192359, 0.8960008366655834, 2.605980810216926, 509422000000, 
-0.08723558871612158, 0.004639600320625124, -0.08421831888702107, 0.00014386238645453095, 0.09824668733804241, 0.001464297579413912, 0.8968054944610208, 2.616045888102282, 509522000000, 
-0.0502858459853923, 0.0034181161357153926, -0.057333528809382646, 0.00019337584905511546, 0.09800281539430043, 0.0019731662634088127, 0.89760360149098, 2.626042608119099, 509622000000, 
-0.10402721953991223, 0.007946189669023575, -0.09425076308000381, 0.00023017366265663984, 0.09823123295471022, 0.002343182058630599, 0.8983964708945764, 2.635993629372902, 509722000000, 
-0.05862368051880383, 0.03879078260995277, -0.06602066806031817, 0.00039850958088905226, 0.09785545216276995, 0.004072431040696464, 0.8991983191932, 2.6460848561023997, 509822000000, 
-0.023255576071356532, -0.029937579902837883, -0.032152967325730586, -6.157134626369096e-05, 0.09823545465056205, -0.0006267731592703397, 0.8999832515440055, 2.6559930861316383, 509922000000, 
-0.060175272769552896, -0.040547265088742075, -0.0543070072045828, -0.0002248140075312597, 0.09888464243541883, -0.002273497703934004, 0.9007612857312157, 2.665852378900242, 510022000000, 
-0.05421742358447393, 0.007767542172899397, -0.054212450278018604, 6.714702476709469e-05, 0.09861691932555257, 0.0006808874706928335, 0.9015543043853705, 2.675892171596586, 510122000000, 
-0.026202064098461403, 0.016054608762460326, -0.03202566328888415, 0.00014389896925981826, 0.09869822387811476, 0.001457969187343464, 0.9023388285800293, 2.6858035745700968, 510222000000, 
-0.036834872753810935, -0.017848029857913755, -0.03581471066924036, -0.00012777828500834288, 0.09902751305393029, -0.0012903311520986592, 0.9031240469375752, 2.6957317821280884, 510322000000, 
-0.06655586165022744, 0.0025339797003263525, -0.06012143856796267, 8.946418327493049e-05, 0.09893858346891411, 0.0009042395811441912, 0.9039120891376501, 2.705709301432305, 510422000000, 
-0.04561961503818204, -0.018472957684323967, -0.048621897771579804, 7.428898876948468e-05, 0.09856334197198204, 0.0007537182413173687, 0.9047028803156737, 2.7157105258655614, 510522000000, 
-0.06238780313847802, 0.04061250008585938, -0.05949100374385261, 0.00043461601519092987, 0.09866080767337922, 0.004405153631315736, 0.9054899480955966, 2.7256788385797086, 510622000000, 
-0.05259839031545018, 0.004118743470796654, -0.054010883162184074, 0.0001679289981169671, 0.0985169054177069, 0.0017045703720082995, 0.9062810076210152, 2.73571404878179, 510722000000, 
-0.02986960684080382, -0.01165697516945777, -0.034885330497427564, 6.833038426703883e-05, 0.0986435916661067, 0.0006926996788430679, 0.9070565093270357, 2.7456001716889005, 510822000000, 
-0.041907112396279915, -0.011771459790116122, -0.040423566492211356, 2.242845279301764e-05, 0.0989552063290247, 0.00022665257973838527, 0.9078387135229318, 2.7555905984390185, 510922000000, 
-0.061195365071440466, -0.005545981453826628, -0.05684057126195082, 5.3315060119072295e-06, 0.09887058206267031, 5.392408844652892e-05, 0.9086150351290987, 2.7655134904120957, 511022000000, 
-0.04220647476506048, 0.005646899000992234, -0.045237170266676285, 2.9238908879849905e-05, 0.09863484923211048, 0.00029643588556661174, 0.909397497908115, 2.77551758095408, 511117000000, 
-0.07640311954859672, -0.003077964279983302, -0.06987514749681292, -1.844995995407869e-05, 0.09866114006133433, -0.00018700331196871398, 0.9101777982963132, 2.7854949082166387, 511222000000, 
-0.07276739998709399, -0.012873177880884146, -0.07213348306266504, -4.683278772546944e-05, 0.09825600668236079, -0.00047664045493797793, 0.9109620072549549, 2.7955245757815885, 511322000000, 
-0.0609866391098858, 0.006575758247493663, -0.0632816365623603, 0.00010097352373324302, 0.09817139098591557, 0.0010285432723239041, 0.9117421664845333, 2.8055006421179463, 511422000000, 
-0.05278486336725035, 0.028649204354490917, -0.05494694611604391, 0.000294291134300474, 0.09836179109330445, 0.002991925330246519, 0.9125198966523194, 2.8154449808288673, 511517000000, 
-0.024670934547261374, -0.0066247850539666005, -0.030966346814859685, 6.130529710119237e-05, 0.09861094951535664, 0.0006216885386713098, 0.9132948591018736, 2.825369817375319, 511622000000, 
-0.0421264390340219, 0.01113993381677863, -0.03978029144346954, 0.00016185163185981988, 0.09903067390039823, 0.0016343585829033628, 0.9140678704801326, 2.8353028635278026, 511717000000, 
-0.06667676082506417, -0.0006370661665816344, -0.06104358459466361, 9.894297725143444e-05, 0.09887151024716015, 0.0010007228270721832, 0.9148444677299592, 2.8452920254074656, 511817000000, 
-0.07379566300651004, 0.021424340443787895, -0.07110714600374016, 0.00019666111062540656, 0.0984644189153939, 0.001997280975114358, 0.9156223747517784, 2.855318493500609, 511917000000, 
-0.03440817879574747, -0.00623224333177776, -0.04203904543784875, -6.174689620404682e-05, 0.09832576341565824, -0.0006279828811805973, 0.9163952230426842, 2.865292944588248, 512017000000, 
-0.06587069906214299, -0.02363941860280741, -0.06087409908443091, -0.00021842023490286467, 0.09870790227033377, -0.002212793807578564, 0.9171611345297271, 2.8751955976600554, 512112000000, 
0.01336148409266939, 0.0892295407210535, -0.0021081096327430562, -0.040744309892409424, 0.09918212382366087, -0.41080295845297743, 0.9179698838306659, 2.885280077480281, 512217000000, 
-0.05213977407948688, 0.030455518632678112, -0.04176560147690256, -0.023920112070749896, 0.0829758429288555, -0.2882780243794485, 0.9187930799903145, 2.8946646646827885, 512317000000, 
-0.0678632761809895, 0.0432179128473325, -0.062397665094684515, -0.013340302541388434, 0.082916545951106, -0.16088830508273835, 0.9198553606484741, 2.903140361552759, 512417000000, 
-0.04297105931111114, -0.03478415220568015, -0.04693022330295634, -0.014320864803687655, 0.0979490218783699, -0.14620732835362937, 0.9211732960059776, 2.9118053325726767, 512517000000, 
-0.06809915623557969, -0.03610093306556138, -0.06364098358800414, -0.009570596057871977, 0.101688920821236, -0.0941164089517343, 0.9228433918708625, 2.921738422766416, 512617000000, 
-0.08904904634393665, 0.007203939209123539, -0.08373048870821437, 0.001620932077906844, 0.09853327517633118, 0.016450605899439447, 0.9246776023275594, 2.9318450336115998, 512717000000, 
-0.06438889081909775, 0.029491229315288234, -0.06839071937734276, 0.007055812135052822, 0.09819539274199651, 0.07185481862261721, 0.9265531046305292, 2.941789032046798, 512817000000, 
-0.050135078804510555, -0.05281886189318155, -0.053930382097415505, 0.0036738521771796095, 0.09501278333724536, 0.03866692510353442, 0.9283545636661322, 2.9514712636279796, 512917000000, 
-0.043505777199468465, 0.0008005535986357814, -0.045645286561043094, 0.002851075479246549, 0.09777282177715908, 0.029160204517208632, 0.9300710972839582, 2.9610379403475244, 513017000000, 
-0.07015365756515729, 0.008890062939468573, -0.06501161084018911, 0.0021823905870964042, 0.0986129744837465, 0.022130866638203964, 0.9318004120909991, 2.970882333325918, 513117000000, 
-0.028366662952088482, -0.039772772466045596, -0.03599216422149391, -0.0018078223977828502, 0.09788031329236004, -0.018469724268076675, 0.9334905352946783, 2.980648457627504, 513217000000, 
-0.08315878474898579, -0.06050464508835556, -0.073286716003549, -0.005392745394747873, 0.0995222664323765, -0.05418632018807713, 0.9351840209447644, 2.9905029232636653, 513317000000, 
-0.08370585068991848, 0.021509381115427405, -0.0815073712790727, -0.004643554613004798, 0.09727587088247439, -0.04773593462468194, 0.9369158650471543, 3.000432065015181, 513417000000, 
-0.04663231636535717, -0.0045776172580089215, -0.05387401595323366, -0.0036629092074541725, 0.09794729785760015, -0.037396735668802854, 0.9386731754995666, 3.010206672849037, 513517000000, 
-0.08503770413383434, -0.011378345788764663, -0.07850309102590702, -0.0031762240583017697, 0.09862081055692759, -0.03220642824131257, 0.9404914684026036, 3.0200636924731428, 513617000000, 
-0.08293989627064835, 0.0170286648389884, -0.08198217805980572, -0.001558092776879652, 0.09760407710862679, -0.015963398487397196, 0.9423576972037014, 3.029982942562574, 513717000000, 
-0.0615069880413837, -0.02638882620082191, -0.06574283624700178, -4.115611111270677e-05, 0.09821326742890639, -0.0004190483851125148, 0.9442109335183373, 3.0396828423954627, 513817000000, 
-0.07136882685378736, -0.04514315000550834, -0.0701640890066686, -0.000448230949581259, 0.09825656378409969, -0.004561842306699857, 0.9461000390534746, 3.049500289487207, 513917000000, 
-0.045232527517612586, -0.002594750050593118, -0.05040593680868611, -0.00018656651187674907, 0.09827156237247064, -0.0018984791466896732, 0.9479965011030188, 3.0593501299099115, 514017000000, 
-0.042977714809157186, 0.025428498365161867, -0.0445045025350813, 0.00021675641384142578, 0.09858222624198405, 0.002198737258269725, 0.949877991107433, 3.069102337925254, 514117000000, 
-0.03332570753276928, -0.01781704702331261, -0.03563856122734621, -0.0002673798820254618, 0.09879064912945716, -0.002706530267607434, 0.9517708068966154, 3.078905659176065, 514217000000, 
-0.058887189895781164, -0.04479646042399138, -0.0540155062572915, -0.0009424445675378744, 0.09902336740111034, -0.009517395663998666, 0.9536779350798215, 3.0887872601820328, 514317000000, 
-0.07527093658683938, 0.0037658076679079515, -0.07081075601052228, -0.0007574814714206919, 0.09858137612346307, -0.0076838192081232866, 0.955570635313502, 3.0985734868872323, 514417000000, 
-0.07125822092543219, -0.056908098580725035, -0.07113258178275395, -0.001249169238977992, 0.09857848759839104, -0.012671823938576843, 0.9574886952259986, 3.108441056692457, 514517000000, 
-0.07878351491365622, -0.009035682432880963, -0.07715521942173262, -0.0011393573933078309, 0.09829711439863219, -0.0115909546305429, 0.9594062949950488, 3.11826125874713, 514617000000, 
-0.0607818608267946, 0.019627759141070025, -0.06416713598111108, -0.0007536272059426782, 0.09792483458761513, -0.0076959762977020325, 0.9613379538957627, 3.12808998601407, 514717000000, 
-0.01579173778919659, -0.02345606417485973, -0.025860096035562483, -0.0007065309706512886, 0.09855144968184953, -0.007169158575872398, 0.963272054155376, 3.1378752134148358, 514817000000, 
-0.03988699822074163, -0.004295457453271156, -0.03694387050641225, -0.00044734066403738666, 0.09913829999467787, -0.004512289035230599, 0.9652064570864062, 3.147623811193933, 514917000000, 
-0.04874013195787332, -0.018194834767546696, -0.0462605934312845, -0.00038992040636369577, 0.09907731607295933, -0.003935516441286754, 0.9671647023705178, 3.1574584985511382, 515012000000, 
-0.06565120561516773, 0.013473519116972352, -0.06158317550572301, -6.636418089736972e-05, 0.09873586320479844, -0.0006721385598231597, 0.9691238480208637, 3.167276243929558, 515112000000, 
-0.0766783410782413, 0.020725424341309424, -0.07350015528382059, -3.471943035028638e-05, 0.09839262091801185, -0.00035286620100522816, 0.9710901213698307, 3.1771129133908658, 515217000000, 
-0.056293714786350896, -0.003390983771672906, -0.05985374272778545, -0.00025192202760152053, 0.09820112318916874, -0.0025653680876565237, 0.9730558864202448, 3.186943111063874, 515317000000, 
-0.09008877511623956, 0.016026218306620935, -0.0837484830043286, -0.00016939281810591904, 0.09824219644251925, -0.001724236878244365, 0.975016910818016, 3.196745895916885, 515412000000, 
-0.10061954981142032, -0.009667460409279315, -0.09706071262669096, -0.00035655441299134894, 0.09784624663429711, -0.0036440274947283397, 0.9769893746572466, 3.2065929412615444, 515512000000, 
-0.04129254000075972, -0.013947440988789724, -0.05289244563914246, -0.00048704320316407, 0.09776923653860213, -0.004981558825733197, 0.9789674364133164, 3.2164567275310114, 515612000000, 
-0.0865781579636622, -0.019132033761642554, -0.07951815788849052, -0.0005770969351651896, 0.09840032783647447, -0.005864786712136081, 0.980917563150444, 3.226161197046343, 515712000000, 
-0.07147562534936704, -0.006533176103664265, -0.07312015500148208, -0.00045228914244927555, 0.0980736607289195, -0.004611728970731758, 0.9829014217513197, 3.2360078493262723, 515812000000, 
-0.0700355539109024, -0.0016278572927934383, -0.07064555492021826, -0.0003784480125275391, 0.09807926284370579, -0.003858593565600253, 0.9849060344141232, 3.2459289600914496, 515907000000, 
-0.037247839038433914, 0.008404219903458156, -0.044188806602727275, -0.00022828313494454861, 0.09824336440417616, -0.0023236494019625072, 0.9868666050566617, 3.2556100514978583, 516007000000, 
-0.06892129186335857, 0.009521867445980476, -0.06373532897446307, -8.225172924317298e-05, 0.09860402634224726, -0.0008341619738496614, 0.988859304853013, 3.265432481800541, 516107000000, 
-0.06353896832430098, -0.029702552875861186, -0.06355227144743679, -0.0002933783598372572, 0.0984147383703822, -0.002981040895857821, 0.9908391016506227, 3.2751803246751776, 516207000000, 
-0.06099078503999516, 0.03588906540158954, -0.06149718205441904, 0.00015265006014524262, 0.09826957471798134, 0.0015533806937022467, 0.9928387385994498, 3.285021107522647, 516307000000, 
-0.04686433442149602, -0.025107188138010543, -0.049891170371440544, -0.0002523535407067797, 0.09838683088134062, -0.002564911771689552, 0.9948264052189626, 3.294791040565521, 516407000000, 
-0.02195345210090846, -0.004769568712910257, -0.027762361235634594, -0.0002221814844284714, 0.09873865070321984, -0.0022501976971134176, 0.9968141022324323, 3.304564958296801, 516502000000, 
-0.076440153252812, -0.008354923737214297, -0.06626281034167042, -0.00026666243902719115, 0.09900557911433414, -0.002693408203988612, 0.998799081917785, 3.314312888393993, 516607000000, 
-0.08305650792870183, -0.009282798293977212, -0.0795230109451502, -0.00024561339362714655, 0.09837908920396618, -0.002496601621488122, 1.0008035828718236, 3.32414505697993, 516702000000, 
-0.06199188596048542, -0.007366539607959473, -0.0656174098117793, -0.00027400988946227675, 0.0980860754799559, -0.0027935656322417676, 1.002811760255073, 3.3339818682610236, 516802000000, 
-0.08904514488419607, 0.007022074124529713, -0.08412319660403987, -0.00013254270702535076, 0.09812987432948739, -0.0013506866072233678, 1.0048250907360643, 3.3438315652635584, 516902000000, 
-0.06048630762640939, 0.017968430226260265, -0.06538456168886068, 3.3537193602221746e-05, 0.09793461951686963, 0.00034244472248595227, 1.0068228227324774, 3.3535929420783965, 517002000000, 
-0.05112938048948952, 0.006527939907705631, -0.05407442736863498, -2.033917823895768e-05, 0.09825950831407614, -0.00020699450453126275, 1.008827817931482, 3.36338452592892, 517097000000, 
-0.07407788700594664, 0.0012693898005237065, -0.06987596718649038, -4.19034678051982e-05, 0.09844318377420667, -0.00042566144448669715, 1.0108267626692784, 3.3731476386547614, 517202000000, 
-0.062375243605720485, -0.0207535668759573, -0.06391040361805281, -0.00019306966618932002, 0.09825639799624597, -0.001964957703789391, 1.0128381331381553, 3.382969681108632, 517302000000, 
-0.05594449706606931, 0.003962146892857841, -0.057578404232115854, -7.163221021385183e-05, 0.09833036868767205, -0.0007284851177704632, 1.0148411623600777, 3.392747806546064, 517402000000, 
-0.04056106660170974, -0.054913282573604436, -0.04408709861837479, -0.0005543568824819802, 0.09855266060911234, -0.005624981396298533, 1.0168423340053827, 3.4025066853241137, 517502000000, 
-0.07001619244143095, -0.011825217854148237, -0.06458135830648318, -0.00032445485381488935, 0.0987389925221334, -0.0032859850554193097, 1.0188561394375817, 3.4123196118241883, 517602000000, 
-0.059151166630799945, 0.003958885514771386, -0.06025720955679246, -0.00011408668420881059, 0.09840520531580993, -0.0011593561930253017, 1.0208745772037378, 3.422130044187976, 517702000000, 
-0.05109140408908244, -0.01796898890268654, -0.05297734087175663, -0.00019605914501355873, 0.09845830895879731, -0.0019912910051665144, 1.0228996319780148, 3.431958052144236, 517802000000, 
-0.04343057390587054, -0.016574057460778016, -0.04539918036904484, -0.00017220305568093076, 0.09864398180101318, -0.0017457026017897632, 1.0249061147727971, 3.441689451921653, 517902000000, 
-0.055063359915157845, 0.014505521716888807, -0.053024505192238884, 0.00017975142774633298, 0.0987156051964311, 0.0018209018461534142, 1.026929221949352, 3.451493085283751, 518002000000, 
-0.0568034953728249, 0.039079768899426645, -0.055990651263105776, 0.0004515644912170839, 0.09867011111390936, 0.004576507375123728, 1.0289501312234532, 3.461281757678931, 518102000000, 
-0.08092187827034691, 0.026379456288445798, -0.07569127007320228, 0.00031608340424477745, 0.09855653606270978, 0.003207127775307151, 1.0309822582641173, 3.471135954644329, 518202000000, 
-0.09131051688473021, -0.016229977421315454, -0.08801736684339448, -8.89307178236222e-06, 0.09802859171421435, -9.071916291818671e-05, 1.0330060782841817, 3.480970214706597, 518302000000, 
-0.04369290873258256, 0.024081652160918777, -0.052908023469332564, 0.0002249133834632494, 0.09791285233771074, 0.00229707722830402, 1.0350232697246078, 3.490785836583402, 518402000000, 
-0.06408673874011611, 0.009558501194095643, -0.06172636068151556, 6.254089139662648e-05, 0.09844668551279125, 0.0006352767599118458, 1.0370204324749834, 3.5005053311635472, 518502000000, 
-0.05606783851906459, 0.011456584537331884, -0.057221218754164506, -4.931031403479459e-05, 0.0984164918616009, -0.0005010371036608141, 1.0390384652462357, 3.5103358166957914, 518602000000, 
-0.03438767757859823, 0.0009544659389856206, -0.03912833666067756, -0.00013712586242371004, 0.09856238986231924, -0.0013912595120233965, 1.041053046606833, 3.520151283158983, 518702000000, 
-0.0451610883866085, -0.0017127137450022336, -0.04388255043285005, -0.00011481971403286268, 0.09887633426060329, -0.0011612456599598266, 1.043043242644967, 3.529844704558875, 518802000000, 
-0.04482136234641834, 0.007128749966583477, -0.044605157415629565, -8.380815963227315e-05, 0.09883656831132254, -0.0008479468790163593, 1.0450785391223296, 3.539751186324248, 518902000000, 
-0.07864905994012128, -0.0010821927742616635, -0.07152159325566933, -0.00015355906533306166, 0.0987203698283986, -0.0015554952397361032, 1.0470748108596295, 3.5494620080448276, 519002000000, 
-0.042453009159542594, -0.01576539646342866, -0.04849080324116268, -0.0002141398632523085, 0.09835157061312494, -0.0021772897160396917, 1.0491222700726701, 3.5594166981095334, 519102000000, 
-0.07839032152753433, 0.026172841235552146, -0.07212491561353943, 0.00012966043585030057, 0.09849989676395862, 0.0013163509821844167, 1.0511282686028147, 3.56916261268111, 519202000000, 
-0.0962755446213091, -0.0013688234022135874, -0.09120174440454656, -9.198822225167755e-06, 0.0980890618523815, -9.378030589191956e-05, 1.0531663417081196, 3.579056395438178, 519302000000, 
-0.04822768672419757, 0.031739063336592516, -0.057160015620636585, 0.0002026684101544433, 0.09785817804577672, 0.002071042136709696, 1.0551865604561161, 3.5888693873504316, 519402000000, 
-0.06195538041566676, -0.005873031561399546, -0.06092670068705321, -8.766323636324393e-06, 0.0983559345386076, -8.912856837208286e-05, 1.0571625050467077, 3.5984682037506253, 519502000000, 
-0.05933644519861609, -0.0045046591055050884, -0.059640588978287376, -3.168171476661246e-05, 0.09839370256255561, -0.00032198925278241486, 1.0591781004734935, 3.608267620121943, 519602000000, 
-0.05993282708783443, 0.005349536172451506, -0.059844554588798435, -3.9862208717825547e-05, 0.09842417746505357, -0.0004050042351837687, 1.0611927714100482, 3.618061868705744, 519702000000, 
-0.05677218680531649, 0.00702383511187766, -0.05738613439705109, -6.220643313722794e-05, 0.09842894988703216, -0.0006319932622325327, 1.0632201124423788, 3.6279159554644203, 519802000000, 
-0.09042246089406239, 0.013325027391430018, -0.0834993133930312, -4.125404447495743e-06, 0.09836655982705896, -4.193909449256672e-05, 1.0652214352775888, 3.6376415536842046, 519902000000, 
-0.01989147548249689, -0.004684149644359294, -0.0331354143391377, -0.00011992579205660718, 0.09815344973358515, -0.0012218194305153615, 1.0672415232571244, 3.647455397534596, 520002000000, 
-0.0609900650968895, 0.01141271334737868, -0.05515611676793217, 5.334700313125328e-07, 0.0988158719411147, 5.39862696987011e-06, 1.069244837747619, 3.657186822447398, 520102000000, 
-0.07272248921675983, 0.004167003566989456, -0.06903079842488027, -3.4767820778829255e-05, 0.0985419324918334, -0.0003528225994726723, 1.0712727581486161, 3.6670327582395363, 520197000000, 
-0.048956561050315706, -0.030918426952669727, -0.05311690219537947, -0.0003021504232503735, 0.09832548800953478, -0.0030729613385806283, 1.0733172028918796, 3.676957669031246, 520297000000, 
-0.06096002840558536, -0.0008209255316787096, -0.05929738284594719, -0.00012735405575210827, 0.0985215836378995, -0.0012926513262330205, 1.0753320795049088, 3.6867352394241824, 520402000000, 
-0.18442276881813052, -0.23383881723045621, -0.1582705327528509, -0.055706996740579155, 0.09871386281744672, -0.5643279996407301, 1.0773733162437502, 3.6964407743246297, 520502000000, 
-0.02903134920487571, 0.13594779908805582, -0.05625812572166902, -0.016519518933060435, 0.029782625415265045, -0.5546696673891408, 1.0792138689953852, 3.704723790707745, 520602000000, 
-0.07720800917356299, -0.004142721193967036, -0.07261274592691631, -0.008950572731656026, 0.0738888005932112, -0.1211357155590152, 1.0803760862278093, 3.70896060485475, 520702000000, 
-0.07864520516816265, 0.08363382311820033, -0.07730256970190026, -0.0057078790199323005, 0.08436453478944607, -0.06765732821472692, 1.0828123846782982, 3.7163675836437875, 520797000000, 
-0.03605509718744117, -0.07075642454098219, -0.0445663118335432, -0.0064377693799655385, 0.09879792483924225, -0.06516097772742363, 1.0857073503766708, 3.7248427746347366, 520902000000, 
-0.05794627616691136, -0.021058661709037464, -0.05512688250186833, 0.009018002916290449, 0.10016235260626287, 0.09003385684978987, 1.0890049270348698, 3.734315294725573, 520997000000, 
-0.07855935844119157, -0.1542915720495079, -0.07370500719812581, 0.015465172290693902, 0.08632911565093387, 0.17914202148469022, 1.0922589139137198, 3.743576055935934, 521102000000, 
-0.04758192770824124, -0.028427498402543633, -0.05298409327729175, 0.007157232186003794, 0.09054795852417558, 0.07904355109334542, 1.095134335087215, 3.7520280549291356, 521197000000, 
-0.03449459692658874, -0.03258967068236368, -0.038310940755162656, -0.0011547178940690586, 0.09507638631603826, -0.012145159684874049, 1.0980093038093433, 3.760923459355033, 521302000000, 
-0.08481641363010273, 0.011919935264178859, -0.07507638766865327, -0.0013164819603751626, 0.09785970901984416, -0.013452747546063152, 1.100929505506096, 3.7701535210163786, 521397000000, 
-0.06341342098936964, -0.04536666848947936, -0.06581092074045816, -0.005293581400849396, 0.09852022194967684, -0.053730912254271054, 1.1039821122242404, 3.779753097333538, 521497000000, 
-0.033656183605610894, -0.0321506462010082, -0.04033570407979757, -0.007877234667104868, 0.09950506656041809, -0.07916415655399739, 1.1070328579007773, 3.789270670730412, 521597000000, 
-0.05905306626834269, -0.011493601382200451, -0.05512688405836769, -0.00680535372454101, 0.09937399926453983, -0.06848223654987187, 1.1101936863357085, 3.7989395914026716, 521697000000, 
-0.035603693709970886, -0.022722918547956994, -0.03965260569564037, -0.0045848116397726926, 0.09990539528025612, -0.04589153195291716, 1.113402956376283, 3.8085089630886007, 521797000000, 
-0.07223778833391177, -0.011852189509466118, -0.06541855783043969, -0.003838650862986356, 0.09942652564289835, -0.03860791512290499, 1.1166599737783496, 3.818019386472047, 521897000000, 
-0.06690776824182393, -0.019563737500162923, -0.06656923674101102, -0.002336936104207366, 0.09908024436455876, -0.023586297341059985, 1.119945098239195, 3.8274781804665308, 521997000000, 
-0.041944317826345286, 0.018964357327846244, -0.047059523619458185, 0.0003603364123306812, 0.0981460218666365, 0.0036714316635300427, 1.1232988693547725, 3.8370308895635596, 522097000000, 
-0.05430808606951206, -0.04631139468811103, -0.05277215170874329, 0.0006841867203590262, 0.09846297302460665, 0.006948670138043086, 1.1265855493525279, 3.8463381325519825, 522197000000, 
-0.06284857025843821, -0.014671979983668128, -0.06072074173189029, 0.0002478569498965874, 0.09846058583006412, 0.002517321502884115, 1.1299063520761352, 3.8557537085008966, 522297000000, 
-0.07274237765703888, 0.004333832532328585, -0.07020496697535338, -5.9008293934676e-05, 0.09838048486936012, -0.000599796738276228, 1.133238619092358, 3.8652194456763542, 522397000000, 
-0.06591041881724329, -0.02375655205598449, -0.06677588457505504, -0.0006685137605369103, 0.09823852976047087, -0.006805005756569315, 1.1365604346714544, 3.8746600325988716, 522497000000, 
-0.09922962071974434, -0.006126922348599836, -0.09242338725590868, -0.0014275779192276926, 0.09817223071805169, -0.01454156545884816, 1.1398891551573236, 3.8841132763318926, 522597000000, 
-0.06342522917824564, 0.014986626765435676, -0.06944031221533382, -0.0017301654027135848, 0.09763635724896959, -0.017720503421709173, 1.1432282478624516, 3.89357031583343, 522697000000, 
-0.0786357494201744, -0.02080783614072676, -0.07668089254768129, -0.0018049962263401058, 0.09831645547669673, -0.018359044959344893, 1.1465745920947032, 3.9030023231595625, 522797000000, 
-0.024301098089048415, 0.00019051430310176566, -0.03520339584992987, -0.0014029792405212823, 0.09824564641368162, -0.014280319706114777, 1.1499222669960312, 3.9123855127706744, 522897000000, 
-0.041695450873204226, 0.00696585161311721, -0.04032095711131042, -0.0010184071763852573, 0.09879299757515003, -0.010308495555169014, 1.1533267588283111, 3.921876236383135, 522997000000, 
-0.039230586252067136, -0.01344143938305202, -0.03943922057527082, -0.0009725900735610589, 0.09903974354456617, -0.009820199838496252, 1.1566730897723463, 3.9311648168310813, 523097000000, 
-0.046908443597904664, 0.0048220113750764865, -0.04533136429018511, -0.0006002323062379104, 0.09891534067512003, -0.006068141727473073, 1.1600942744588725, 3.940631914798969, 523197000000, 
